server_id,hostname,env,os_name,os_version,os_eol_date,vcpu,ram_gb,provisioned_disk_gb,used_disk_gb,cpu_avg_pct,cpu_peak_pct,cpu_p95_pct,ram_avg_pct,ram_p95_pct,disk_iops_avg,disk_iops_peak,net_in_gb_30d,net_out_gb_30d,cluster,datacenter,powerstate,app_id,notes
srv-0001,webp0001,prod,Ubuntu,18.04 LTS,2023-05-31,2,16,128,90.5,35.9,99,46.6,53.5,55.4,46.9,334.0,167.9,2061.6,ASH-PRD-CL02,DC-ASHBURN,poweredOn,app-01,VMware vSphere 7.0 VM
srv-0002,webp0002,prod,Red Hat Enterprise Linux,8.8,2029-05-31,8,32,1024,535.9,12.8,45.5,17.3,75.0,77.8,87.0,439.4,197.3,2416.9,DAL-PRD-CL01,DC-DALLAS,poweredOn,app-01,VMware vSphere 7.0 VM
srv-0003,webp0003,prod,Red Hat Enterprise Linux,8.8,2029-05-31,2,8,512,172.1,24.6,99,32.4,72.8,75.6,44.4,303.2,147.8,2267.4,ASH-PRD-CL02,DC-ASHBURN,poweredOn,app-01,VMware vSphere 7.0 VM
srv-0004,webp0004,prod,Red Hat Enterprise Linux,7.9,2024-06-30,4,32,100,30.7,,,,,,,,,,ASH-PRD-CL02,DC-ASHBURN,poweredOn,app-01,VMware vSphere 7.0 VM; RHEL 7 past maintenance support; no performance history from vCenter (< 30 days)
srv-0005,appp0005,prod,Ubuntu,22.04 LTS,2027-04-30,4,16,400,149.7,26.8,99,34.2,70.0,72.6,97.1,715.8,398.3,875.8,DAL-PRD-CL01,DC-DALLAS,poweredOn,app-01,VMware vSphere 7.0 VM
srv-0006,appp0006,prod,Red Hat Enterprise Linux,7.9,2024-06-30,4,32,256,218.6,22.4,46.1,29.1,79.9,82.2,165.4,547.1,309.7,919.9,DAL-PRD-CL01,DC-DALLAS,poweredOn,app-01,VMware vSphere 7.0 VM; RHEL 7 past maintenance support
srv-0007,appp0007,prod,Ubuntu,20.04 LTS,2025-04-30,4,16,200,161.9,29.1,65.7,41.2,58.4,60.5,212.8,786.2,275.4,629.3,DAL-PRD-CL01,DC-DALLAS,poweredOn,app-01,VMware vSphere 7.0 VM
srv-0008,appp0008,prod,Red Hat Enterprise Linux,8.8,2029-05-31,8,32,1024,442.8,40.7,65.5,,38.2,,,,,,ASH-PRD-CL01,DC-ASHBURN,poweredOff,app-01,VMware vSphere 7.0 VM; powered off at discovery - confirm if decommissioned
srv-0009,dbp0009,prod,Red Hat Enterprise Linux,9.3,2032-05-31,4,32,4096,2563.8,24.4,73.1,32.4,42.5,44.0,924.6,3643.0,206.5,537.9,DAL-PRD-CL01,DC-DALLAS,poweredOn,app-01,VMware vSphere 7.0 VM
srv-0010,dbp0010,prod,Ubuntu,18.04 LTS,2023-05-31,16,128,512,230.5,,,,,,,,,,ASH-PRD-CL02,DC-ASHBURN,poweredOn,app-01,VMware vSphere 7.0 VM; no performance history from vCenter (< 30 days)
srv-0011,appp0011,prod,Red Hat Enterprise Linux,9.3,2032-05-31,16,64,1024,648.4,,,,,,,,,,ASH-PRD-CL02,DC-ASHBURN,poweredOn,app-02,VMware vSphere 7.0 VM; no performance history from vCenter (< 30 days)
srv-0012,appp0012,prod,SUSE Linux Enterprise Server,15 SP4,2031-12-31,4,32,800,233.0,34.9,90.5,45.2,46.2,47.8,203.3,1020.7,103.7,170.2,ASH-PRD-CL01,DC-ASHBURN,poweredOn,app-02,VMware vSphere 7.0 VM
srv-0013,appp0013,prod,SUSE Linux Enterprise Server,15 SP4,2031-12-31,8,64,1024,741.6,,,,,,,,,,ASH-PRD-CL02,DC-ASHBURN,poweredOn,app-02,VMware vSphere 7.0 VM; no performance history from vCenter (< 30 days)
srv-0014,dbp0014,prod,Red Hat Enterprise Linux,7.9,2024-06-30,64,256,1024,710.2,25.9,92.8,33.2,83.5,86.8,13834.3,76902.2,95.6,68.0,DAL-PRD-CL01,DC-DALLAS,poweredOn,app-02,VMware vSphere 7.0 VM; RHEL 7 past maintenance support
srv-0015,dbp0015,prod,Red Hat Enterprise Linux,8.8,2029-05-31,8,64,512,353.6,,,,,,,,,,ASH-PRD-CL01,DC-ASHBURN,poweredOn,app-02,VMware vSphere 7.0 VM; no performance history from vCenter (< 30 days)
srv-0016,webp0016,prod,Windows Server,2012 R2,2023-10-10,2,16,128,89.5,23.7,61.0,32.8,56.7,58.8,23.2,85.9,45.2,297.9,ASH-PRD-CL02,DC-ASHBURN,poweredOn,app-03,VMware vSphere 7.0 VM; OS past end-of-support - remediation or ESU required
srv-0017,webp0017,prod,Windows Server,2012 R2,2023-10-10,4,16,80,53.6,6.0,26.6,8.0,48.0,49.7,89.0,758.4,50.3,351.0,ASH-PRD-CL02,DC-ASHBURN,poweredOn,app-03,VMware vSphere 7.0 VM; OS past end-of-support - remediation or ESU required
srv-0018,appp0018,prod,Windows Server,2016,2027-01-12,4,16,256,140.4,5.3,21.1,6.9,80.9,84.0,190.1,1218.1,109.5,99.7,DAL-PRD-CL01,DC-DALLAS,poweredOn,app-03,VMware vSphere 7.0 VM
srv-0019,appp0019,prod,Windows Server,2022,2031-10-14,16,128,200,75.3,10.1,39.6,13.4,30.2,31.3,660.0,3865.9,166.6,93.7,DAL-PRD-CL01,DC-DALLAS,poweredOn,app-03,VMware vSphere 7.0 VM
srv-0020,appp0020,prod,Windows Server,2016,2027-01-12,4,16,1024,679.8,9.0,31.0,12.7,30.1,31.2,152.5,932.0,78.7,69.3,DAL-PRD-CL01,DC-DALLAS,poweredOn,app-03,VMware vSphere 7.0 VM
srv-0021,dbp0021,prod,Windows Server,2019,2029-01-09,8,64,1024,320.5,33.7,65.3,41.9,30.9,31.9,1312.8,5393.3,89.0,57.3,ASH-PRD-CL02,DC-ASHBURN,poweredOn,app-03,VMware vSphere 7.0 VM
srv-0022,dbp0022,prod,Windows Server,2012 R2,2023-10-10,8,64,512,267.9,22.4,56.2,30.6,39.7,41.1,1150.1,3821.4,60.3,56.7,DAL-PRD-CL01,DC-DALLAS,poweredOn,app-03,VMware vSphere 7.0 VM; OS past end-of-support - remediation or ESU required
srv-0023,appp0023,prod,Red Hat Enterprise Linux,8.8,2029-05-31,4,16,100,28.5,23.5,74.0,31.2,60.9,63.2,178.2,870.6,97.4,101.6,DAL-PRD-CL01,DC-DALLAS,poweredOn,app-04,VMware vSphere 7.0 VM
srv-0024,appp0024,prod,Ubuntu,22.04 LTS,2027-04-30,4,16,128,68.4,13.6,55.3,17.7,78.0,80.8,101.1,556.2,137.3,76.1,DAL-PRD-CL01,DC-DALLAS,poweredOn,app-04,VMware vSphere 7.0 VM
srv-0025,appp0025,prod,Ubuntu,20.04 LTS,2025-04-30,16,128,128,55.5,29.0,99,37.3,44.5,45.9,522.0,3672.4,118.6,73.9,ASH-PRD-CL01,DC-ASHBURN,poweredOn,app-04,VMware vSphere 7.0 VM
srv-0026,appp0026,prod,Red Hat Enterprise Linux,7.9,2024-06-30,4,32,256,206.1,6.3,20.4,8.2,44.4,45.7,171.6,833.6,94.0,70.4,DAL-PRD-CL01,DC-DALLAS,poweredOn,app-04,VMware vSphere 7.0 VM; RHEL 7 past maintenance support
srv-0027,dbp0027,prod,Ubuntu,18.04 LTS,2023-05-31,8,64,512,176.6,27.1,75.2,37.3,28.8,29.9,1141.5,4359.1,80.7,40.9,ASH-PRD-CL02,DC-ASHBURN,poweredOn,app-04,VMware vSphere 7.0 VM
srv-0028,dbp0028,prod,Red Hat Enterprise Linux,8.8,2029-05-31,32,128,2048,823.0,,,,,,,,,,ASH-PRD-CL02,DC-ASHBURN,poweredOn,app-04,VMware vSphere 7.0 VM; no performance history from vCenter (< 30 days)
srv-0029,webp0029,prod,Ubuntu,22.04 LTS,2027-04-30,32,128,128,101.3,,,,,,,,,,ASH-PRD-CL01,DC-ASHBURN,poweredOn,app-05,VMware vSphere 7.0 VM; no performance history from vCenter (< 30 days)
srv-0030,webp0030,prod,Ubuntu,20.04 LTS,2025-04-30,4,16,100,50.2,,,,,,,,,,ASH-PRD-CL01,DC-ASHBURN,poweredOn,app-05,VMware vSphere 7.0 VM; no performance history from vCenter (< 30 days)
srv-0031,webp0031,prod,Ubuntu,20.04 LTS,2025-04-30,8,64,200,81.9,17.5,38.9,23.6,31.1,32.1,105.7,516.1,100.8,775.1,ASH-PRD-CL02,DC-ASHBURN,poweredOn,app-05,VMware vSphere 7.0 VM
srv-0032,appp0032,prod,Ubuntu,18.04 LTS,2023-05-31,16,128,100,78.9,,,,,,,,,,ASH-PRD-CL02,DC-ASHBURN,poweredOn,app-05,VMware vSphere 7.0 VM; no performance history from vCenter (< 30 days)
srv-0033,appp0033,prod,Red Hat Enterprise Linux,7.9,2024-06-30,8,32,400,213.2,6.9,15.1,8.9,38.7,40.1,199.7,617.1,188.6,354.6,DAL-PRD-CL01,DC-DALLAS,poweredOn,app-05,VMware vSphere 7.0 VM; RHEL 7 past maintenance support
srv-0034,appp0034,prod,Red Hat Enterprise Linux,7.9,2024-06-30,4,16,100,83.0,25.2,95.4,33.1,34.5,35.8,196.3,1136.4,194.2,318.1,ASH-PRD-CL01,DC-ASHBURN,poweredOn,app-05,VMware vSphere 7.0 VM; RHEL 7 past maintenance support
srv-0035,dbp0035,prod,Red Hat Enterprise Linux,8.8,2029-05-31,16,64,1024,400.7,15.9,46.4,20.9,37.4,38.6,2797.6,11850.2,95.0,256.0,ASH-PRD-CL02,DC-ASHBURN,poweredOn,app-05,VMware vSphere 7.0 VM
srv-0036,dbp0036,prod,Red Hat Enterprise Linux,9.3,2032-05-31,4,32,2048,1125.8,10.3,32.9,13.9,83.8,86.9,782.8,5415.3,136.7,164.6,ASH-PRD-CL02,DC-ASHBURN,poweredOn,app-05,VMware vSphere 7.0 VM
srv-0037,webp0037,prod,Windows Server,2016,2027-01-12,2,8,200,134.0,,,,,,,,,,DAL-PRD-CL01,DC-DALLAS,poweredOn,app-06,VMware vSphere 7.0 VM; no performance history from vCenter (< 30 days)
srv-0038,webp0038,prod,Windows Server,2012 R2,2023-10-10,4,16,2048,804.4,21.6,99,28.4,68.6,70.9,60.2,328.8,48.3,329.1,ASH-PRD-CL01,DC-ASHBURN,poweredOn,app-06,VMware vSphere 7.0 VM; OS past end-of-support - remediation or ESU required
srv-0039,appp0039,prod,Windows Server,2019,2029-01-09,2,8,200,162.4,,,,,,,,,,ASH-PRD-CL02,DC-ASHBURN,poweredOn,app-06,VMware vSphere 7.0 VM; no performance history from vCenter (< 30 days)
srv-0040,appp0040,prod,Windows Server,2019,2029-01-09,16,128,800,508.3,20.9,79.0,27.1,61.3,63.8,556.2,3343.1,147.6,108.9,ASH-PRD-CL02,DC-ASHBURN,poweredOn,app-06,VMware vSphere 7.0 VM
srv-0041,appp0041,prod,Windows Server,2022,2031-10-14,8,64,256,185.4,25.8,51.1,33.9,31.4,32.6,332.4,1056.3,126.6,67.0,ASH-PRD-CL01,DC-ASHBURN,poweredOn,app-06,VMware vSphere 7.0 VM
srv-0042,dbp0042,prod,Windows Server,2016,2027-01-12,4,16,4096,2795.5,4.9,15.5,6.2,61.1,63.4,664.9,3548.4,61.5,48.8,DAL-PRD-CL01,DC-DALLAS,poweredOn,app-06,VMware vSphere 7.0 VM
srv-0043,dbp0043,prod,Windows Server,2019,2029-01-09,32,128,4096,2280.0,13.7,46.1,19.0,83.3,86.2,4553.2,30997.0,94.5,52.8,ASH-PRD-CL01,DC-ASHBURN,poweredOn,app-06,VMware vSphere 7.0 VM
srv-0044,appp0044,prod,Red Hat Enterprise Linux,7.9,2024-06-30,4,16,512,358.4,37.2,99,48.4,60.7,62.7,204.3,994.9,140.7,112.0,ASH-PRD-CL01,DC-ASHBURN,poweredOn,app-07,VMware vSphere 7.0 VM; RHEL 7 past maintenance support
srv-0045,appp0045,prod,Red Hat Enterprise Linux,9.3,2032-05-31,2,8,800,308.3,,,,,,,,,,ASH-PRD-CL02,DC-ASHBURN,poweredOn,app-07,VMware vSphere 7.0 VM; no performance history from vCenter (< 30 days)
srv-0046,appp0046,prod,Red Hat Enterprise Linux,8.8,2029-05-31,4,16,512,218.3,,,,,,,,,,DAL-PRD-CL01,DC-DALLAS,poweredOn,app-07,VMware vSphere 7.0 VM; no performance history from vCenter (< 30 days)
srv-0047,appp0047,prod,Red Hat Enterprise Linux,7.9,2024-06-30,8,32,80,57.4,9.7,35.6,11.8,36.1,37.5,284.6,1617.0,149.8,95.7,ASH-PRD-CL01,DC-ASHBURN,poweredOn,app-07,VMware vSphere 7.0 VM; RHEL 7 past maintenance support
srv-0048,appp0048,prod,Red Hat Enterprise Linux,7.9,2024-06-30,8,32,400,150.9,34.4,47.2,,74.2,,,,,,ASH-PRD-CL02,DC-ASHBURN,poweredOff,app-07,VMware vSphere 7.0 VM; RHEL 7 past maintenance support; powered off at discovery - confirm if decommissioned
srv-0049,dbp0049,prod,Red Hat Enterprise Linux,9.3,2032-05-31,8,32,512,319.2,11.7,27.4,15.4,45.8,47.3,1604.3,6898.8,68.9,54.0,ASH-PRD-CL02,DC-ASHBURN,poweredOn,app-07,VMware vSphere 7.0 VM
srv-0050,dbp0050,prod,Ubuntu,20.04 LTS,2025-04-30,8,32,2048,655.3,3.0,7.1,3.8,57.8,59.9,1267.3,4588.0,88.3,65.0,DAL-PRD-CL01,DC-DALLAS,poweredOn,app-07,VMware vSphere 7.0 VM
srv-0051,dbp0051,prod,Ubuntu,18.04 LTS,2023-05-31,8,32,2048,1305.0,31.5,86.7,41.4,79.1,82.1,973.9,3424.5,81.9,50.0,DAL-PRD-CL01,DC-DALLAS,poweredOn,app-07,VMware vSphere 7.0 VM
srv-0052,appp0052,prod,Windows Server,2019,2029-01-09,2,16,800,488.4,14.9,57.0,19.6,47.2,49.0,64.9,311.0,109.2,96.4,ASH-PRD-CL02,DC-ASHBURN,poweredOn,app-08,VMware vSphere 7.0 VM
srv-0053,appp0053,prod,Windows Server,2019,2029-01-09,4,32,1024,849.8,,,,,,,,,,ASH-PRD-CL02,DC-ASHBURN,poweredOn,app-08,VMware vSphere 7.0 VM; no performance history from vCenter (< 30 days)
srv-0054,appp0054,prod,Windows Server,2019,2029-01-09,8,32,800,432.0,,,,,,,,,,ASH-PRD-CL02,DC-ASHBURN,poweredOn,app-08,VMware vSphere 7.0 VM; no performance history from vCenter (< 30 days)
srv-0055,dbp0055,prod,Windows Server,2019,2029-01-09,8,64,2048,1078.9,15.1,47.2,19.5,43.8,45.4,881.5,2698.7,66.4,67.6,ASH-PRD-CL02,DC-ASHBURN,poweredOn,app-08,VMware vSphere 7.0 VM
srv-0056,dbp0056,prod,Windows Server,2019,2029-01-09,4,32,2048,1434.1,21.3,41.0,28.4,32.8,34.0,781.3,3269.1,82.2,45.3,ASH-PRD-CL01,DC-ASHBURN,poweredOn,app-08,VMware vSphere 7.0 VM
srv-0057,appp0057,prod,Red Hat Enterprise Linux,7.9,2024-06-30,2,8,80,48.1,7.2,19.4,9.4,57.7,59.8,84.8,446.6,114.8,103.8,DAL-PRD-CL01,DC-DALLAS,poweredOn,app-09,VMware vSphere 7.0 VM; RHEL 7 past maintenance support
srv-0058,appp0058,prod,Red Hat Enterprise Linux,8.8,2029-05-31,2,16,80,34.1,6.9,15.7,9.4,57.8,59.9,71.2,298.6,77.3,97.7,ASH-PRD-CL02,DC-ASHBURN,poweredOn,app-09,VMware vSphere 7.0 VM
srv-0059,appp0059,prod,Red Hat Enterprise Linux,7.9,2024-06-30,2,8,200,69.7,24.8,99,34.8,40.9,42.5,55.0,371.8,79.8,121.4,ASH-PRD-CL02,DC-ASHBURN,poweredOn,app-09,VMware vSphere 7.0 VM; RHEL 7 past maintenance support
srv-0060,appp0060,prod,Ubuntu,22.04 LTS,2027-04-30,4,16,2048,645.0,5.8,19.7,7.2,66.1,68.5,96.1,419.6,91.8,90.9,ASH-PRD-CL02,DC-ASHBURN,poweredOn,app-09,VMware vSphere 7.0 VM
srv-0061,dbp0061,prod,Red Hat Enterprise Linux,7.9,2024-06-30,4,32,4096,2784.6,3.9,11.5,5.3,44.6,46.3,700.4,3478.4,67.7,44.2,ASH-PRD-CL01,DC-ASHBURN,poweredOn,app-09,VMware vSphere 7.0 VM; RHEL 7 past maintenance support
srv-0062,dbp0062,prod,Ubuntu,18.04 LTS,2023-05-31,8,32,1024,671.4,32.0,96.6,43.2,37.1,38.5,1114.8,3971.7,78.9,50.1,ASH-PRD-CL01,DC-ASHBURN,poweredOn,app-09,VMware vSphere 7.0 VM
srv-0063,webp0063,prod,Windows Server,2012 R2,2023-10-10,16,128,1024,607.4,24.4,99,32.8,73.2,76.0,230.6,1318.0,82.9,437.5,DAL-PRD-CL01,DC-DALLAS,poweredOn,app-10,VMware vSphere 7.0 VM; OS past end-of-support - remediation or ESU required
srv-0064,webp0064,prod,Windows Server,2012 R2,2023-10-10,32,256,256,157.2,9.2,33.1,12.1,54.8,56.6,378.4,1765.9,85.5,508.0,ASH-PRD-CL01,DC-ASHBURN,poweredOn,app-10,VMware vSphere 7.0 VM; OS past end-of-support - remediation or ESU required
srv-0065,appp0065,prod,Windows Server,2016,2027-01-12,4,32,512,242.3,34.0,99,45.2,70.6,73.0,122.3,789.9,92.1,151.6,DAL-PRD-CL01,DC-DALLAS,poweredOn,app-10,VMware vSphere 7.0 VM
srv-0066,appp0066,prod,Windows Server,2019,2029-01-09,2,8,256,119.7,17.4,62.3,22.1,89.3,92.3,91.2,563.3,161.6,161.0,DAL-PRD-CL01,DC-DALLAS,poweredOn,app-10,VMware vSphere 7.0 VM
srv-0067,dbp0067,prod,Windows Server,2016,2027-01-12,16,64,4096,2952.4,,,,,,,,,,ASH-PRD-CL02,DC-ASHBURN,poweredOn,app-10,VMware vSphere 7.0 VM; no performance history from vCenter (< 30 days)
srv-0068,appp0068,prod,Windows Server,2022,2031-10-14,32,128,2048,1522.9,14.2,45.4,19.0,52.6,54.1,1492.1,5682.0,81.3,113.9,ASH-PRD-CL01,DC-ASHBURN,poweredOn,app-11,VMware vSphere 7.0 VM
srv-0069,appp0069,prod,Windows Server,2016,2027-01-12,4,32,256,147.2,,,,,,,,,,ASH-PRD-CL01,DC-ASHBURN,poweredOn,app-11,VMware vSphere 7.0 VM; no performance history from vCenter (< 30 days)
srv-0070,dbp0070,prod,Windows Server,2016,2027-01-12,4,32,2048,1599.8,,,,,,,,,,DAL-PRD-CL01,DC-DALLAS,poweredOn,app-11,VMware vSphere 7.0 VM; no performance history from vCenter (< 30 days)
srv-0071,dbp0071,prod,Windows Server,2016,2027-01-12,16,128,2048,1568.2,26.4,86.3,34.2,54.9,57.0,2251.7,8523.0,69.5,62.1,DAL-PRD-CL01,DC-DALLAS,poweredOn,app-11,VMware vSphere 7.0 VM
srv-0072,webp0072,prod,Red Hat Enterprise Linux,8.8,2029-05-31,4,32,200,155.3,14.5,62.4,19.7,84.8,87.5,85.5,663.3,207.9,1856.4,ASH-PRD-CL01,DC-ASHBURN,poweredOn,app-12,VMware vSphere 7.0 VM
srv-0073,webp0073,prod,Ubuntu,20.04 LTS,2025-04-30,4,32,80,28.3,14.3,64.3,19.3,80.5,83.5,98.5,625.7,244.8,2848.3,DAL-PRD-CL01,DC-DALLAS,poweredOn,app-12,VMware vSphere 7.0 VM
srv-0074,webp0074,prod,Red Hat Enterprise Linux,7.9,2024-06-30,2,8,256,121.9,27.1,99,37.5,81.1,83.7,25.3,166.4,195.6,2680.1,ASH-PRD-CL01,DC-ASHBURN,poweredOn,app-12,VMware vSphere 7.0 VM; RHEL 7 past maintenance support
srv-0075,dbp0075,prod,SUSE Linux Enterprise Server,15 SP4,2031-12-31,32,128,512,213.1,15.1,32.7,,30.4,,,,,,DAL-PRD-CL01,DC-DALLAS,poweredOff,app-12,VMware vSphere 7.0 VM; powered off at discovery - confirm if decommissioned
srv-0076,appp0076,prod,Red Hat Enterprise Linux,7.9,2024-06-30,2,8,80,36.0,8.0,17.0,10.5,62.7,65.0,98.1,356.1,127.5,130.1,ASH-PRD-CL01,DC-ASHBURN,poweredOn,app-13,VMware vSphere 7.0 VM; RHEL 7 past maintenance support
srv-0077,appp0077,prod,Red Hat Enterprise Linux,7.9,2024-06-30,8,32,200,113.7,10.7,40.1,13.9,55.7,58.0,265.5,1918.6,108.6,142.6,DAL-PRD-CL01,DC-DALLAS,poweredOn,app-13,VMware vSphere 7.0 VM; RHEL 7 past maintenance support
srv-0078,appp0078,prod,Ubuntu,22.04 LTS,2027-04-30,2,8,400,341.1,,,,,,,,,,DAL-PRD-CL01,DC-DALLAS,poweredOff,app-13,VMware vSphere 7.0 VM; powered off at discovery - confirm if decommissioned; no performance history from vCenter (< 30 days)
srv-0079,appp0079,prod,Windows Server,2016,2027-01-12,16,64,100,41.8,27.1,76.8,,42.7,,,,,,ASH-PRD-CL02,DC-ASHBURN,poweredOff,app-14,VMware vSphere 7.0 VM; powered off at discovery - confirm if decommissioned
srv-0080,appp0080,prod,Windows Server,2016,2027-01-12,16,64,800,610.4,30.6,99,40.6,77.5,80.0,538.8,3665.0,141.5,171.3,ASH-PRD-CL01,DC-ASHBURN,poweredOn,app-14,VMware vSphere 7.0 VM
srv-0081,appp0081,prod,Windows Server,2019,2029-01-09,8,32,80,36.7,23.5,86.3,31.0,32.2,33.2,322.2,2024.3,147.9,153.8,DAL-PRD-CL01,DC-DALLAS,poweredOn,app-14,VMware vSphere 7.0 VM
srv-0082,appp0082,prod,Red Hat Enterprise Linux,7.9,2024-06-30,4,32,256,195.0,,,,,,,,,,ASH-PRD-CL02,DC-ASHBURN,poweredOn,app-15,VMware vSphere 7.0 VM; RHEL 7 past maintenance support; no performance history from vCenter (< 30 days)
srv-0083,appp0083,prod,SUSE Linux Enterprise Server,15 SP4,2031-12-31,8,64,800,670.8,,,,,,,,,,ASH-PRD-CL02,DC-ASHBURN,poweredOff,app-15,VMware vSphere 7.0 VM; powered off at discovery - confirm if decommissioned; no performance history from vCenter (< 30 days)
srv-0084,webn0084,nonprod,Windows Server,2019,2029-01-09,2,8,1024,360.1,30.1,99,39.0,50.8,52.5,31.6,148.9,46.6,248.7,ASH-NPD-CL01,DC-ASHBURN,poweredOn,app-16,VMware vSphere 7.0 VM
srv-0085,webn0085,nonprod,Windows Server,2012 R2,2023-10-10,8,32,1024,481.5,25.9,54.0,32.6,56.1,58.3,107.5,410.0,67.1,312.7,ASH-NPD-CL01,DC-ASHBURN,poweredOn,app-16,VMware vSphere 7.0 VM; OS past end-of-support - remediation or ESU required
srv-0086,appn0086,nonprod,Windows Server,2016,2027-01-12,4,16,800,277.9,,,,,,,,,,ASH-NPD-CL01,DC-ASHBURN,poweredOn,app-16,VMware vSphere 7.0 VM; no performance history from vCenter (< 30 days)
srv-0087,appn0087,nonprod,Windows Server,2016,2027-01-12,4,32,128,101.6,33.5,71.5,45.5,86.5,89.6,114.1,416.0,86.6,76.9,DAL-NPD-CL01,DC-DALLAS,poweredOn,app-16,VMware vSphere 7.0 VM
srv-0088,dbn0088,nonprod,Windows Server,2016,2027-01-12,32,128,2048,1220.2,15.8,52.1,21.7,38.8,40.1,5984.3,34834.7,80.1,74.2,ASH-NPD-CL01,DC-ASHBURN,poweredOn,app-16,VMware vSphere 7.0 VM
srv-0089,dbn0089,nonprod,Windows Server,2012 R2,2023-10-10,4,16,1024,874.0,9.7,26.7,12.6,61.7,63.7,539.5,2558.2,69.8,69.9,ASH-NPD-CL01,DC-ASHBURN,poweredOn,app-16,VMware vSphere 7.0 VM; OS past end-of-support - remediation or ESU required
srv-0090,webp0090,prod,Ubuntu,20.04 LTS,2025-04-30,4,16,128,109.2,31.2,99,41.8,81.5,84.3,61.6,389.2,59.5,235.4,DAL-PRD-CL01,DC-DALLAS,poweredOn,app-17,VMware vSphere 7.0 VM
srv-0091,webp0091,prod,Ubuntu,20.04 LTS,2025-04-30,2,8,256,79.5,21.3,99,28.9,56.9,59.1,29.0,267.3,70.0,311.7,ASH-PRD-CL02,DC-ASHBURN,poweredOn,app-17,VMware vSphere 7.0 VM
srv-0092,appp0092,prod,Red Hat Enterprise Linux,9.3,2032-05-31,16,128,80,56.1,26.4,93.6,33.8,67.5,69.8,712.3,4267.7,102.6,86.9,ASH-PRD-CL01,DC-ASHBURN,poweredOn,app-17,VMware vSphere 7.0 VM
srv-0093,appp0093,prod,Ubuntu,22.04 LTS,2027-04-30,4,32,800,258.1,,,,,,,,,,ASH-PRD-CL01,DC-ASHBURN,poweredOn,app-17,VMware vSphere 7.0 VM; no performance history from vCenter (< 30 days)
srv-0094,appp0094,prod,Red Hat Enterprise Linux,7.9,2024-06-30,4,16,2048,1203.7,25.3,99,33.0,71.3,73.5,158.2,964.0,155.0,109.3,DAL-PRD-CL01,DC-DALLAS,poweredOn,app-17,VMware vSphere 7.0 VM; RHEL 7 past maintenance support
srv-0095,appp0095,prod,Ubuntu,22.04 LTS,2027-04-30,4,16,200,104.0,16.9,69.8,23.4,46.5,48.3,110.5,573.1,101.8,94.7,DAL-PRD-CL01,DC-DALLAS,poweredOn,app-17,VMware vSphere 7.0 VM
srv-0096,dbp0096,prod,Red Hat Enterprise Linux,8.8,2029-05-31,4,16,512,271.6,18.7,32.2,,28.6,,,,,,ASH-PRD-CL02,DC-ASHBURN,poweredOff,app-17,VMware vSphere 7.0 VM; powered off at discovery - confirm if decommissioned
srv-0097,dbp0097,prod,Ubuntu,18.04 LTS,2023-05-31,32,128,2048,1286.6,23.3,61.2,31.3,68.3,70.9,6769.9,29701.1,66.6,38.6,ASH-PRD-CL02,DC-ASHBURN,poweredOn,app-17,VMware vSphere 7.0 VM
srv-0098,appn0098,nonprod,Red Hat Enterprise Linux,8.8,2029-05-31,8,64,1024,865.5,23.9,64.7,32.0,28.1,29.2,336.4,1418.0,92.6,151.8,DAL-NPD-CL01,DC-DALLAS,poweredOn,app-18,VMware vSphere 7.0 VM
srv-0099,appn0099,nonprod,Red Hat Enterprise Linux,8.8,2029-05-31,16,128,400,113.4,24.0,82.5,33.0,35.6,36.9,459.3,3297.9,144.8,176.1,ASH-NPD-CL01,DC-ASHBURN,poweredOn,app-18,VMware vSphere 7.0 VM
srv-0100,appn0100,nonprod,Red Hat Enterprise Linux,7.9,2024-06-30,4,16,400,148.5,14.4,50.2,20.6,64.5,66.9,149.7,896.7,154.0,153.0,DAL-NPD-CL01,DC-DALLAS,poweredOn,app-18,VMware vSphere 7.0 VM; RHEL 7 past maintenance support
srv-0101,dbn0101,nonprod,Red Hat Enterprise Linux,7.9,2024-06-30,8,32,4096,2589.1,10.2,29.2,14.6,48.4,50.4,1880.1,10009.1,72.2,92.9,DAL-NPD-CL01,DC-DALLAS,poweredOn,app-18,VMware vSphere 7.0 VM; RHEL 7 past maintenance support
srv-0102,appp0102,prod,Red Hat Enterprise Linux,8.8,2029-05-31,2,16,200,145.0,13.4,30.4,17.7,58.3,60.4,55.2,212.7,107.3,112.6,DAL-PRD-CL01,DC-DALLAS,poweredOn,app-19,VMware vSphere 7.0 VM
srv-0103,appp0103,prod,Red Hat Enterprise Linux,8.8,2029-05-31,2,8,80,42.6,5.5,19.1,7.2,53.9,55.8,105.0,777.8,121.7,88.0,DAL-PRD-CL01,DC-DALLAS,poweredOn,app-19,VMware vSphere 7.0 VM
srv-0104,appp0104,prod,Red Hat Enterprise Linux,8.8,2029-05-31,32,128,128,95.3,33.8,99,45.8,32.1,33.3,1072.6,5627.7,134.5,90.7,ASH-PRD-CL01,DC-ASHBURN,poweredOn,app-19,VMware vSphere 7.0 VM
srv-0105,dbp0105,prod,Red Hat Enterprise Linux,8.8,2029-05-31,8,32,2048,836.6,5.4,15.0,7.3,60.3,62.4,1842.0,8382.2,81.7,62.1,ASH-PRD-CL01,DC-ASHBURN,poweredOn,app-19,VMware vSphere 7.0 VM
srv-0106,appp0106,prod,Ubuntu,20.04 LTS,2025-04-30,2,16,128,54.8,,,,,,,,,,DAL-PRD-CL01,DC-DALLAS,poweredOn,app-20,VMware vSphere 7.0 VM; no performance history from vCenter (< 30 days)
srv-0107,appp0107,prod,Red Hat Enterprise Linux,7.9,2024-06-30,4,32,2048,1476.1,37.2,99,50.9,67.1,69.5,95.8,607.8,126.0,127.7,ASH-PRD-CL02,DC-ASHBURN,poweredOn,app-20,VMware vSphere 7.0 VM; RHEL 7 past maintenance support
srv-0108,appp0108,prod,Red Hat Enterprise Linux,8.8,2029-05-31,4,16,256,189.9,15.1,45.2,20.4,55.7,57.7,195.0,922.1,118.1,111.3,ASH-PRD-CL02,DC-ASHBURN,poweredOn,app-20,VMware vSphere 7.0 VM
srv-0109,appp0109,prod,Ubuntu,20.04 LTS,2025-04-30,8,32,1024,515.1,37.7,99,52.7,29.2,30.3,277.6,1850.1,99.9,115.7,ASH-PRD-CL01,DC-ASHBURN,poweredOn,app-20,VMware vSphere 7.0 VM
srv-0110,dbp0110,prod,Ubuntu,18.04 LTS,2023-05-31,8,64,4096,1392.8,14.8,46.6,19.0,58.7,60.9,1336.9,6174.8,69.5,39.6,ASH-PRD-CL02,DC-ASHBURN,poweredOn,app-20,VMware vSphere 7.0 VM
srv-0111,dbp0111,prod,Ubuntu,20.04 LTS,2025-04-30,8,32,4096,2118.0,25.0,54.9,33.6,67.8,70.3,1643.4,7050.0,64.8,67.5,ASH-PRD-CL01,DC-ASHBURN,poweredOn,app-20,VMware vSphere 7.0 VM
srv-0112,webp0112,prod,Red Hat Enterprise Linux,8.8,2029-05-31,4,16,2048,1361.7,13.8,52.4,19.0,68.8,71.3,52.3,310.2,39.3,550.6,DAL-PRD-CL01,DC-DALLAS,poweredOn,app-21,VMware vSphere 7.0 VM
srv-0113,webp0113,prod,Ubuntu,22.04 LTS,2027-04-30,8,32,400,300.7,32.5,99,41.5,70.2,72.6,101.5,446.9,41.8,383.1,ASH-PRD-CL02,DC-ASHBURN,poweredOn,app-21,VMware vSphere 7.0 VM
srv-0114,appp0114,prod,Ubuntu,18.04 LTS,2023-05-31,4,16,128,106.5,30.6,68.5,42.3,90.2,93.4,110.0,399.0,94.9,160.5,DAL-PRD-CL01,DC-DALLAS,poweredOn,app-21,VMware vSphere 7.0 VM
srv-0115,appp0115,prod,Ubuntu,22.04 LTS,2027-04-30,8,32,2048,729.1,8.5,17.2,11.4,75.8,78.4,267.3,986.0,146.8,120.4,ASH-PRD-CL01,DC-ASHBURN,poweredOn,app-21,VMware vSphere 7.0 VM
srv-0116,appp0116,prod,Ubuntu,20.04 LTS,2025-04-30,8,32,200,168.5,29.2,61.8,36.0,41.3,42.6,322.1,1323.1,110.7,182.6,ASH-PRD-CL02,DC-ASHBURN,poweredOn,app-21,VMware vSphere 7.0 VM
srv-0117,dbp0117,prod,Ubuntu,22.04 LTS,2027-04-30,8,64,4096,2341.6,8.3,25.7,11.2,65.0,67.3,1729.4,7452.5,77.4,116.3,ASH-PRD-CL02,DC-ASHBURN,poweredOn,app-21,VMware vSphere 7.0 VM
srv-0118,appp0118,prod,Windows Server,2022,2031-10-14,8,32,1024,792.2,,,,,,,,,,DAL-PRD-CL01,DC-DALLAS,poweredOn,app-22,VMware vSphere 7.0 VM; no performance history from vCenter (< 30 days)
srv-0119,appp0119,prod,Windows Server,2016,2027-01-12,2,8,200,150.7,35.7,99,45.0,51.7,53.7,91.2,434.7,142.8,114.2,DAL-PRD-CL01,DC-DALLAS,poweredOn,app-22,VMware vSphere 7.0 VM
srv-0120,dbp0120,prod,Windows Server,2022,2031-10-14,8,32,2048,1513.5,,,,,,,,,,ASH-PRD-CL01,DC-ASHBURN,poweredOn,app-22,VMware vSphere 7.0 VM; no performance history from vCenter (< 30 days)
srv-0121,dbp0121,prod,Windows Server,2019,2029-01-09,8,32,512,149.0,,,,,,,,,,ASH-PRD-CL02,DC-ASHBURN,poweredOn,app-22,VMware vSphere 7.0 VM; no performance history from vCenter (< 30 days)
srv-0122,appp0122,prod,Ubuntu,20.04 LTS,2025-04-30,2,8,512,333.1,4.9,18.9,6.5,58.4,60.4,50.8,287.9,155.0,215.6,ASH-PRD-CL01,DC-ASHBURN,poweredOn,app-23,VMware vSphere 7.0 VM
srv-0123,appp0123,prod,Red Hat Enterprise Linux,9.3,2032-05-31,4,16,80,50.9,,,,,,,,,,ASH-PRD-CL01,DC-ASHBURN,poweredOn,app-23,VMware vSphere 7.0 VM; no performance history from vCenter (< 30 days)
srv-0124,appp0124,prod,Ubuntu,18.04 LTS,2023-05-31,2,8,1024,609.9,21.2,39.7,30.4,82.2,85.3,78.2,312.4,120.0,163.3,DAL-PRD-CL01,DC-DALLAS,poweredOn,app-23,VMware vSphere 7.0 VM
srv-0125,dbp0125,prod,SUSE Linux Enterprise Server,15 SP4,2031-12-31,8,32,2048,859.9,6.4,19.4,8.4,74.6,77.2,1254.0,5884.0,82.1,73.1,ASH-PRD-CL01,DC-ASHBURN,poweredOn,app-23,VMware vSphere 7.0 VM
srv-0126,webn0126,nonprod,Windows Server,2012 R2,2023-10-10,32,128,800,517.1,4.8,13.0,6.7,55.5,57.5,638.8,2649.1,59.1,215.2,DAL-NPD-CL01,DC-DALLAS,poweredOn,app-24,VMware vSphere 7.0 VM; OS past end-of-support - remediation or ESU required
srv-0127,appn0127,nonprod,Windows Server,2019,2029-01-09,16,128,1024,523.2,20.3,71.0,25.9,67.7,70.0,371.4,1938.2,153.3,120.3,DAL-NPD-CL01,DC-DALLAS,poweredOn,app-24,VMware vSphere 7.0 VM
srv-0128,appn0128,nonprod,Windows Server,2022,2031-10-14,8,64,512,407.5,34.8,99,45.6,88.2,91.2,197.7,1301.5,123.0,110.8,ASH-NPD-CL01,DC-ASHBURN,poweredOn,app-24,VMware vSphere 7.0 VM
srv-0129,dbn0129,nonprod,Windows Server,2016,2027-01-12,16,128,512,271.2,9.0,31.7,11.8,33.0,34.2,2365.6,9638.0,95.4,73.1,DAL-NPD-CL01,DC-DALLAS,poweredOn,app-24,VMware vSphere 7.0 VM
srv-0130,webp0130,prod,Ubuntu,20.04 LTS,2025-04-30,4,16,80,56.1,25.0,99,35.0,67.0,69.8,79.9,615.6,51.7,562.0,ASH-PRD-CL02,DC-ASHBURN,poweredOn,app-25,VMware vSphere 7.0 VM
srv-0131,webp0131,prod,Red Hat Enterprise Linux,7.9,2024-06-30,4,32,128,106.6,,,,,,,,,,DAL-PRD-CL01,DC-DALLAS,poweredOn,app-25,VMware vSphere 7.0 VM; RHEL 7 past maintenance support; no performance history from vCenter (< 30 days)
srv-0132,appp0132,prod,Red Hat Enterprise Linux,7.9,2024-06-30,4,16,2048,611.9,,,,,,,,,,ASH-PRD-CL02,DC-ASHBURN,poweredOn,app-25,VMware vSphere 7.0 VM; RHEL 7 past maintenance support; no performance history from vCenter (< 30 days)
srv-0133,appp0133,prod,Red Hat Enterprise Linux,8.8,2029-05-31,4,32,512,236.7,,,,,,,,,,DAL-PRD-CL01,DC-DALLAS,poweredOff,app-25,VMware vSphere 7.0 VM; powered off at discovery - confirm if decommissioned; no performance history from vCenter (< 30 days)
srv-0134,dbp0134,prod,Ubuntu,20.04 LTS,2025-04-30,32,128,2048,1494.0,12.0,45.7,,66.6,,,,,,ASH-PRD-CL02,DC-ASHBURN,poweredOff,app-25,VMware vSphere 7.0 VM; powered off at discovery - confirm if decommissioned
srv-0135,appp0135,prod,Red Hat Enterprise Linux,7.9,2024-06-30,32,256,400,266.9,22.5,78.5,30.1,45.6,47.3,1021.3,5338.4,164.8,98.6,ASH-PRD-CL02,DC-ASHBURN,poweredOn,app-26,VMware vSphere 7.0 VM; RHEL 7 past maintenance support
srv-0136,appp0136,prod,Ubuntu,22.04 LTS,2027-04-30,4,32,100,85.1,10.9,39.0,15.0,49.5,51.3,135.1,688.5,113.2,89.4,DAL-PRD-CL01,DC-DALLAS,poweredOn,app-26,VMware vSphere 7.0 VM
srv-0137,dbp0137,prod,Ubuntu,20.04 LTS,2025-04-30,4,16,4096,2395.8,33.1,99,42.3,88.5,91.3,788.4,4473.3,92.7,51.9,DAL-PRD-CL01,DC-DALLAS,poweredOn,app-26,VMware vSphere 7.0 VM
srv-0138,appp0138,prod,Windows Server,2019,2029-01-09,8,64,128,68.0,4.6,17.2,6.1,36.4,37.6,251.8,950.0,137.4,84.9,ASH-PRD-CL01,DC-ASHBURN,poweredOn,app-27,VMware vSphere 7.0 VM
srv-0139,appp0139,prod,Windows Server,2022,2031-10-14,16,64,256,100.8,12.6,28.1,16.7,65.8,67.9,799.7,2859.1,131.8,60.0,ASH-PRD-CL02,DC-ASHBURN,poweredOn,app-27,VMware vSphere 7.0 VM
srv-0140,dbp0140,prod,Windows Server,2012 R2,2023-10-10,4,32,2048,1574.2,32.3,68.8,43.3,29.4,30.5,909.5,3518.3,47.7,66.6,ASH-PRD-CL01,DC-ASHBURN,poweredOn,app-27,VMware vSphere 7.0 VM; OS past end-of-support - remediation or ESU required
srv-0141,appn0141,nonprod,Red Hat Enterprise Linux,8.8,2029-05-31,16,64,1024,458.8,20.5,72.9,26.9,70.0,72.7,667.4,4261.3,114.3,96.1,DAL-NPD-CL01,DC-DALLAS,poweredOn,app-28,VMware vSphere 7.0 VM
srv-0142,appn0142,nonprod,Ubuntu,18.04 LTS,2023-05-31,4,32,200,95.5,,,,,,,,,,ASH-NPD-CL01,DC-ASHBURN,poweredOn,app-28,VMware vSphere 7.0 VM; no performance history from vCenter (< 30 days)
srv-0143,appn0143,nonprod,Ubuntu,20.04 LTS,2025-04-30,2,8,400,231.5,,,,,,,,,,DAL-NPD-CL01,DC-DALLAS,poweredOn,app-28,VMware vSphere 7.0 VM; no performance history from vCenter (< 30 days)
srv-0144,appp0144,prod,Windows Server,2012 R2,2023-10-10,16,64,512,217.1,8.5,31.9,11.7,63.5,65.9,483.7,3425.4,162.6,78.9,ASH-PRD-CL02,DC-ASHBURN,poweredOn,app-29,VMware vSphere 7.0 VM; OS past end-of-support - remediation or ESU required
srv-0145,appp0145,prod,Windows Server,2019,2029-01-09,16,64,800,234.8,21.8,91.5,27.9,40.3,41.7,626.2,3808.4,181.1,78.9,DAL-PRD-CL01,DC-DALLAS,poweredOn,app-29,VMware vSphere 7.0 VM
srv-0146,appp0146,prod,Red Hat Enterprise Linux,9.3,2032-05-31,4,16,80,61.7,35.5,99,48.4,75.2,77.7,160.0,850.3,156.9,178.4,DAL-PRD-CL01,DC-DALLAS,poweredOn,app-30,VMware vSphere 7.0 VM
srv-0147,appp0147,prod,Red Hat Enterprise Linux,7.9,2024-06-30,4,32,100,50.4,23.9,48.3,30.6,66.7,68.8,138.5,552.4,130.2,172.1,DAL-PRD-CL01,DC-DALLAS,poweredOn,app-30,VMware vSphere 7.0 VM; RHEL 7 past maintenance support
srv-0148,appp0148,prod,SUSE Linux Enterprise Server,15 SP4,2031-12-31,4,32,400,287.2,,,,,,,,,,ASH-PRD-CL02,DC-ASHBURN,poweredOn,app-30,VMware vSphere 7.0 VM; no performance history from vCenter (< 30 days)
srv-0149,infp0149,prod,Windows Server,2012 R2,2023-10-10,4,32,128,80.8,16.8,50.5,,34.8,,,,,,ASH-PRD-CL02,DC-ASHBURN,poweredOff,app-31,VMware vSphere 7.0 VM; OS past end-of-support - remediation or ESU required; powered off at discovery - confirm if decommissioned
srv-0150,infp0150,prod,Windows Server,2016,2027-01-12,8,32,256,142.2,,,,,,,,,,ASH-PRD-CL02,DC-ASHBURN,poweredOn,app-31,VMware vSphere 7.0 VM; no performance history from vCenter (< 30 days)
srv-0151,infp0151,prod,Windows Server,2016,2027-01-12,4,32,256,215.3,30.2,61.9,39.6,72.3,74.4,117.7,433.4,28.2,21.0,ASH-PRD-CL01,DC-ASHBURN,poweredOn,app-31,VMware vSphere 7.0 VM
srv-0152,infp0152,prod,Windows Server,2019,2029-01-09,2,16,200,59.7,6.7,16.5,9.2,46.6,48.1,40.5,150.3,34.2,24.4,DAL-PRD-CL01,DC-DALLAS,poweredOn,app-31,VMware vSphere 7.0 VM
srv-0153,infp0153,prod,Windows Server,2016,2027-01-12,16,64,80,55.1,22.4,46.2,29.5,56.8,58.5,338.9,1253.9,35.5,23.1,DAL-PRD-CL01,DC-DALLAS,poweredOn,app-31,VMware vSphere 7.0 VM
srv-0154,infd0154,dr,Windows Server,2016,2027-01-12,8,32,256,162.3,,,,,,,,,,RNO-DR-CL01,DC-DR-RENO,poweredOn,app-31,VMware vSphere 7.0 VM; no performance history from vCenter (< 30 days)
srv-0155,infp0155,prod,Windows Server,2012 R2,2023-10-10,8,64,200,136.1,20.9,44.7,28.1,86.3,89.2,148.5,538.0,20.4,28.7,ASH-PRD-CL02,DC-ASHBURN,poweredOn,app-31,VMware vSphere 7.0 VM; OS past end-of-support - remediation or ESU required
srv-0156,infp0156,prod,Windows Server,2012 R2,2023-10-10,8,64,128,57.4,,,,,,,,,,DAL-PRD-CL01,DC-DALLAS,poweredOn,app-31,VMware vSphere 7.0 VM; OS past end-of-support - remediation or ESU required; no performance history from vCenter (< 30 days)
srv-0157,infp0157,prod,Windows Server,2019,2029-01-09,2,16,1024,447.8,12.4,29.8,17.4,73.7,76.6,55.8,215.0,37.5,24.2,ASH-PRD-CL02,DC-ASHBURN,poweredOn,app-31,VMware vSphere 7.0 VM
srv-0158,infp0158,prod,Windows Server,2016,2027-01-12,2,8,512,241.4,31.6,45.4,,82.9,,,,,,ASH-PRD-CL01,DC-ASHBURN,poweredOff,app-31,VMware vSphere 7.0 VM; powered off at discovery - confirm if decommissioned
srv-0159,infp0159,prod,Windows Server,2019,2029-01-09,4,32,200,143.7,,,,,,,,,,DAL-PRD-CL01,DC-DALLAS,poweredOn,app-31,VMware vSphere 7.0 VM; no performance history from vCenter (< 30 days)
srv-0160,infp0160,prod,Windows Server,2019,2029-01-09,4,32,80,64.8,,,,,,,,,,DAL-PRD-CL01,DC-DALLAS,poweredOn,app-31,VMware vSphere 7.0 VM; no performance history from vCenter (< 30 days)
srv-0161,infp0161,prod,Windows Server,2022,2031-10-14,8,64,128,105.4,36.2,96.5,47.6,27.1,28.0,226.0,853.2,37.3,40.6,ASH-PRD-CL02,DC-ASHBURN,poweredOn,app-31,VMware vSphere 7.0 VM
srv-0162,infp0162,prod,Windows Server,2022,2031-10-14,16,64,128,99.0,9.6,24.5,13.1,36.8,38.1,256.7,855.3,21.5,30.5,ASH-PRD-CL02,DC-ASHBURN,poweredOn,app-31,VMware vSphere 7.0 VM
srv-0163,infp0163,prod,Windows Server,2016,2027-01-12,4,32,200,76.4,36.1,99,47.8,59.3,61.3,87.4,494.7,41.3,40.7,DAL-PRD-CL01,DC-DALLAS,poweredOn,app-31,VMware vSphere 7.0 VM
srv-0164,infp0164,prod,Windows Server,2016,2027-01-12,16,128,80,34.5,,,,,,,,,,ASH-PRD-CL02,DC-ASHBURN,poweredOn,app-31,VMware vSphere 7.0 VM; no performance history from vCenter (< 30 days)
srv-0165,infd0165,dr,Windows Server,2016,2027-01-12,4,16,400,272.7,,,,,,,,,,RNO-DR-CL01,DC-DR-RENO,poweredOn,app-31,VMware vSphere 7.0 VM; no performance history from vCenter (< 30 days)
srv-0166,infp0166,prod,Windows Server,2016,2027-01-12,8,32,256,126.3,,,,,,,,,,DAL-PRD-CL01,DC-DALLAS,poweredOff,app-31,VMware vSphere 7.0 VM; powered off at discovery - confirm if decommissioned; no performance history from vCenter (< 30 days)
srv-0167,infp0167,prod,Windows Server,2016,2027-01-12,4,16,1024,828.8,32.2,64.8,43.7,75.0,77.7,121.1,445.6,32.7,34.6,ASH-PRD-CL02,DC-ASHBURN,poweredOn,app-31,VMware vSphere 7.0 VM
srv-0168,infp0168,prod,Windows Server,2016,2027-01-12,2,8,2048,706.7,34.9,73.2,46.5,60.7,63.1,64.3,232.8,32.2,21.3,DAL-PRD-CL01,DC-DALLAS,poweredOn,app-31,VMware vSphere 7.0 VM
srv-0169,infd0169,dr,Windows Server,2016,2027-01-12,2,8,1024,551.3,,,,,,,,,,RNO-DR-CL01,DC-DR-RENO,poweredOn,app-31,VMware vSphere 7.0 VM; no performance history from vCenter (< 30 days)
srv-0170,infp0170,prod,Windows Server,2019,2029-01-09,8,32,512,218.9,,,,,,,,,,DAL-PRD-CL01,DC-DALLAS,poweredOn,app-31,VMware vSphere 7.0 VM; no performance history from vCenter (< 30 days)
srv-0171,infp0171,prod,Windows Server,2022,2031-10-14,16,128,100,85.2,13.1,26.9,17.0,35.2,36.5,421.5,1488.5,20.6,21.5,DAL-PRD-CL01,DC-DALLAS,poweredOn,app-31,VMware vSphere 7.0 VM
srv-0172,infp0172,prod,Windows Server,2012 R2,2023-10-10,4,16,512,254.9,27.5,63.3,35.1,68.4,70.5,119.8,398.6,30.0,34.7,ASH-PRD-CL02,DC-ASHBURN,poweredOn,app-31,VMware vSphere 7.0 VM; OS past end-of-support - remediation or ESU required
srv-0173,infp0173,prod,Windows Server,2019,2029-01-09,8,64,80,67.8,27.7,75.6,35.1,50.5,52.5,136.3,693.2,26.2,36.0,DAL-PRD-CL01,DC-DALLAS,poweredOn,app-31,VMware vSphere 7.0 VM
srv-0174,infp0174,prod,Windows Server,2022,2031-10-14,2,8,512,326.0,34.4,99,45.4,30.7,31.9,49.7,192.1,37.4,35.2,ASH-PRD-CL01,DC-ASHBURN,poweredOn,app-31,VMware vSphere 7.0 VM
srv-0175,infp0175,prod,Windows Server,2019,2029-01-09,8,32,512,273.7,34.7,75.3,,33.4,,,,,,DAL-PRD-CL01,DC-DALLAS,poweredOff,app-31,VMware vSphere 7.0 VM; powered off at discovery - confirm if decommissioned
srv-0176,infp0176,prod,Windows Server,2022,2031-10-14,2,16,128,109.0,18.4,66.4,25.5,62.2,64.4,31.0,124.2,24.9,37.0,DAL-PRD-CL01,DC-DALLAS,poweredOn,app-31,VMware vSphere 7.0 VM
srv-0177,infp0177,prod,Windows Server,2012 R2,2023-10-10,2,8,400,330.4,31.2,65.5,40.1,53.1,54.7,57.5,214.9,33.2,19.6,DAL-PRD-CL01,DC-DALLAS,poweredOn,app-31,VMware vSphere 7.0 VM; OS past end-of-support - remediation or ESU required
srv-0178,infp0178,prod,Windows Server,2022,2031-10-14,4,16,128,95.7,23.9,56.3,32.0,62.3,64.4,119.2,413.5,25.6,31.4,ASH-PRD-CL01,DC-ASHBURN,poweredOn,app-31,VMware vSphere 7.0 VM
srv-0179,infp0179,prod,Windows Server,2016,2027-01-12,16,64,100,59.1,4.6,10.7,6.1,65.1,67.3,460.2,1813.5,27.7,20.3,DAL-PRD-CL01,DC-DALLAS,poweredOn,app-31,VMware vSphere 7.0 VM
srv-0180,infp0180,prod,Windows Server,2019,2029-01-09,4,32,400,182.3,10.4,30.0,14.0,74.0,76.5,70.2,423.6,32.5,39.0,DAL-PRD-CL01,DC-DALLAS,poweredOn,app-31,VMware vSphere 7.0 VM
srv-0181,infp0181,prod,Windows Server,2022,2031-10-14,4,16,200,120.0,16.6,34.2,21.1,49.5,50.8,81.6,289.3,21.6,21.6,DAL-PRD-CL01,DC-DALLAS,poweredOn,app-31,VMware vSphere 7.0 VM
srv-0182,infp0182,prod,Red Hat Enterprise Linux,9.3,2032-05-31,8,64,400,324.1,18.5,53.4,24.6,40.7,42.1,211.1,732.9,25.1,38.2,ASH-PRD-CL02,DC-ASHBURN,poweredOn,app-31,VMware vSphere 7.0 VM
srv-0183,infp0183,prod,Ubuntu,22.04 LTS,2027-04-30,4,16,200,94.3,34.7,77.3,46.1,68.6,70.8,95.0,340.8,32.2,27.5,DAL-PRD-CL01,DC-DALLAS,poweredOn,app-31,VMware vSphere 7.0 VM
srv-0184,srvn0184,nonprod,Windows Server,2019,2029-01-09,4,32,400,151.3,20.0,38.9,27.0,61.0,63.0,80.0,250.8,20.3,16.3,ASH-NPD-CL01,DC-ASHBURN,poweredOn,,VMware vSphere 7.0 VM; standalone utility VM - owner unconfirmed
srv-0185,srvn0185,nonprod,Windows Server,2012 R2,2023-10-10,8,64,512,184.2,5.3,11.7,7.2,40.6,42.0,115.0,460.2,19.6,22.0,DAL-NPD-CL01,DC-DALLAS,poweredOn,,VMware vSphere 7.0 VM; OS past end-of-support - remediation or ESU required; standalone utility VM - owner unconfirmed
srv-0186,srvn0186,nonprod,Windows Server,2019,2029-01-09,8,32,80,22.7,3.5,33.7,,41.5,,,,,,ASH-NPD-CL01,DC-ASHBURN,poweredOff,,VMware vSphere 7.0 VM; powered off at discovery - confirm if decommissioned; standalone utility VM - owner unconfirmed
srv-0187,srvn0187,nonprod,Windows Server,2019,2029-01-09,2,8,100,58.4,,,,,,,,,,DAL-NPD-CL01,DC-DALLAS,poweredOn,,VMware vSphere 7.0 VM; no performance history from vCenter (< 30 days); standalone utility VM - owner unconfirmed
srv-0188,srvn0188,nonprod,Windows Server,2016,2027-01-12,4,16,512,279.7,,,,,,,,,,DAL-NPD-CL01,DC-DALLAS,poweredOn,,VMware vSphere 7.0 VM; no performance history from vCenter (< 30 days); standalone utility VM - owner unconfirmed
srv-0189,srvn0189,nonprod,Windows Server,2019,2029-01-09,2,8,512,255.4,25.9,94.6,34.2,31.9,33.0,22.1,97.2,20.9,18.5,ASH-NPD-CL01,DC-ASHBURN,poweredOn,,VMware vSphere 7.0 VM; standalone utility VM - owner unconfirmed
srv-0190,srvd0190,dev,Windows Server,2016,2027-01-12,16,64,80,33.1,28.3,80.7,38.1,43.9,45.5,323.2,1492.8,21.9,18.3,ASH-NPD-CL01,DC-ASHBURN,poweredOn,,VMware vSphere 7.0 VM; standalone utility VM - owner unconfirmed
srv-0191,srvd0191,dev,Windows Server,2016,2027-01-12,2,16,400,115.6,,,,,,,,,,DAL-DEV-CL01,DC-DALLAS,poweredOn,,VMware vSphere 7.0 VM; no performance history from vCenter (< 30 days); standalone utility VM - owner unconfirmed
srv-0192,srvp0192,prod,Windows Server,2019,2029-01-09,2,16,200,121.7,26.6,53.9,34.1,50.9,52.8,36.9,140.7,18.2,15.1,ASH-PRD-CL02,DC-ASHBURN,poweredOn,,VMware vSphere 7.0 VM; standalone utility VM - owner unconfirmed
srv-0193,srvd0193,dev,Windows Server,2019,2029-01-09,2,8,512,212.3,,,,,,,,,,ASH-NPD-CL01,DC-ASHBURN,poweredOn,,VMware vSphere 7.0 VM; no performance history from vCenter (< 30 days); standalone utility VM - owner unconfirmed
srv-0194,srvd0194,dev,Windows Server,2019,2029-01-09,2,8,256,188.0,11.0,33.6,14.6,50.5,52.4,43.4,205.3,17.5,21.2,ASH-NPD-CL01,DC-ASHBURN,poweredOn,,VMware vSphere 7.0 VM; standalone utility VM - owner unconfirmed
srv-0195,srvd0195,dev,Windows Server,2016,2027-01-12,8,64,100,32.8,,,,,,,,,,DAL-DEV-CL01,DC-DALLAS,poweredOn,,VMware vSphere 7.0 VM; no performance history from vCenter (< 30 days); standalone utility VM - owner unconfirmed
srv-0196,srvd0196,dev,Windows Server,2019,2029-01-09,2,8,256,137.7,6.1,13.1,8.5,54.0,56.0,20.2,74.7,17.1,17.3,ASH-NPD-CL01,DC-ASHBURN,poweredOn,,VMware vSphere 7.0 VM; standalone utility VM - owner unconfirmed
srv-0197,srvd0197,dev,Windows Server,2012 R2,2023-10-10,4,32,400,312.4,,,,,,,,,,ASH-NPD-CL01,DC-ASHBURN,poweredOn,,VMware vSphere 7.0 VM; OS past end-of-support - remediation or ESU required; no performance history from vCenter (< 30 days); standalone utility VM - owner unconfirmed
srv-0198,srvd0198,dev,Windows Server,2019,2029-01-09,4,32,128,86.7,,,,,,,,,,DAL-DEV-CL01,DC-DALLAS,poweredOn,,VMware vSphere 7.0 VM; no performance history from vCenter (< 30 days); standalone utility VM - owner unconfirmed
srv-0199,srvn0199,nonprod,Windows Server,2012 R2,2023-10-10,4,16,800,587.2,36.8,99,48.0,58.2,60.1,65.5,331.6,13.9,14.7,ASH-NPD-CL01,DC-ASHBURN,poweredOn,,VMware vSphere 7.0 VM; OS past end-of-support - remediation or ESU required; standalone utility VM - owner unconfirmed
srv-0200,srvd0200,dev,Windows Server,2012 R2,2023-10-10,4,16,2048,1024.7,19.0,43.8,25.3,79.1,82.0,79.6,318.2,22.4,22.7,ASH-NPD-CL01,DC-ASHBURN,poweredOn,,VMware vSphere 7.0 VM; OS past end-of-support - remediation or ESU required; standalone utility VM - owner unconfirmed
srv-0201,srvd0201,dev,Windows Server,2016,2027-01-12,4,32,128,107.5,12.9,51.0,16.9,57.8,59.9,49.1,335.0,15.6,17.5,DAL-DEV-CL01,DC-DALLAS,poweredOn,,VMware vSphere 7.0 VM; standalone utility VM - owner unconfirmed
srv-0202,srvn0202,nonprod,Windows Server,2016,2027-01-12,4,16,2048,810.8,9.1,31.7,12.1,28.3,29.2,84.6,462.6,23.6,24.3,DAL-NPD-CL01,DC-DALLAS,poweredOn,,VMware vSphere 7.0 VM; standalone utility VM - owner unconfirmed
srv-0203,srvp0203,prod,Windows Server,2016,2027-01-12,8,64,512,343.2,,,,,,,,,,DAL-PRD-CL01,DC-DALLAS,poweredOn,,VMware vSphere 7.0 VM; no performance history from vCenter (< 30 days); standalone utility VM - owner unconfirmed
srv-0204,srvn0204,nonprod,Windows Server,2012 R2,2023-10-10,2,8,2048,1142.7,21.7,46.7,28.2,70.8,73.2,33.2,127.5,19.9,19.6,ASH-NPD-CL01,DC-ASHBURN,poweredOn,,VMware vSphere 7.0 VM; OS past end-of-support - remediation or ESU required; standalone utility VM - owner unconfirmed
srv-0205,srvd0205,dev,Windows Server,2016,2027-01-12,2,8,200,132.3,27.4,88.3,35.8,89.4,92.4,28.2,150.3,25.5,27.6,DAL-DEV-CL01,DC-DALLAS,poweredOn,,VMware vSphere 7.0 VM; standalone utility VM - owner unconfirmed
srv-0206,srvn0206,nonprod,Windows Server,2019,2029-01-09,2,8,100,43.0,21.4,81.6,28.6,63.0,65.5,34.0,117.7,16.0,13.0,ASH-NPD-CL01,DC-ASHBURN,poweredOn,,VMware vSphere 7.0 VM; standalone utility VM - owner unconfirmed
srv-0207,srvn0207,nonprod,Windows Server,2019,2029-01-09,4,16,80,44.8,,,,,,,,,,DAL-NPD-CL01,DC-DALLAS,poweredOn,,VMware vSphere 7.0 VM; no performance history from vCenter (< 30 days); standalone utility VM - owner unconfirmed
srv-0208,srvn0208,nonprod,Windows Server,2019,2029-01-09,4,16,800,587.9,15.1,41.2,20.1,72.4,75.2,75.1,388.6,21.4,13.3,DAL-NPD-CL01,DC-DALLAS,poweredOn,,VMware vSphere 7.0 VM; standalone utility VM - owner unconfirmed
srv-0209,srvn0209,nonprod,Windows Server,2012 R2,2023-10-10,16,64,100,67.3,,,,,,,,,,DAL-NPD-CL01,DC-DALLAS,poweredOff,,VMware vSphere 7.0 VM; OS past end-of-support - remediation or ESU required; powered off at discovery - confirm if decommissioned; no performance history from vCenter (< 30 days); standalone utility VM - owner unconfirmed
srv-0210,srvn0210,nonprod,Windows Server,2012 R2,2023-10-10,16,128,200,148.5,9.1,27.6,11.8,51.6,53.6,188.1,1009.6,20.4,25.0,ASH-NPD-CL01,DC-ASHBURN,poweredOn,,VMware vSphere 7.0 VM; OS past end-of-support - remediation or ESU required; standalone utility VM - owner unconfirmed
srv-0211,srvp0211,prod,Windows Server,2016,2027-01-12,8,32,200,88.3,32.0,99,43.5,77.4,80.0,102.7,489.6,12.0,14.6,ASH-PRD-CL01,DC-ASHBURN,poweredOn,,VMware vSphere 7.0 VM; standalone utility VM - owner unconfirmed
srv-0212,srvn0212,nonprod,Windows Server,2016,2027-01-12,4,32,400,250.5,24.7,67.6,30.5,80.4,83.3,55.5,317.2,14.1,14.6,ASH-NPD-CL01,DC-ASHBURN,poweredOn,,VMware vSphere 7.0 VM; standalone utility VM - owner unconfirmed
srv-0213,srvp0213,prod,Windows Server,2019,2029-01-09,8,32,400,139.3,9.4,21.0,12.4,58.9,61.0,99.0,453.5,19.7,15.7,ASH-PRD-CL01,DC-ASHBURN,poweredOn,,VMware vSphere 7.0 VM; standalone utility VM - owner unconfirmed
srv-0214,srvn0214,nonprod,Windows Server,2016,2027-01-12,4,32,800,358.0,,,,,,,,,,ASH-NPD-CL01,DC-ASHBURN,poweredOn,,VMware vSphere 7.0 VM; no performance history from vCenter (< 30 days); standalone utility VM - owner unconfirmed
srv-0215,srvd0215,dev,Windows Server,2022,2031-10-14,2,8,512,429.6,21.4,48.5,29.0,53.1,55.0,39.5,169.3,19.9,21.3,ASH-NPD-CL01,DC-ASHBURN,poweredOn,,VMware vSphere 7.0 VM; standalone utility VM - owner unconfirmed
srv-0216,srvd0216,dev,Windows Server,2012 R2,2023-10-10,4,16,256,105.1,,,,,,,,,,ASH-NPD-CL01,DC-ASHBURN,poweredOn,,VMware vSphere 7.0 VM; OS past end-of-support - remediation or ESU required; no performance history from vCenter (< 30 days); standalone utility VM - owner unconfirmed
srv-0217,srvd0217,dev,Windows Server,2019,2029-01-09,4,32,256,186.8,15.7,30.4,21.0,29.1,30.2,65.8,241.5,12.9,21.1,ASH-NPD-CL01,DC-ASHBURN,poweredOn,,VMware vSphere 7.0 VM; standalone utility VM - owner unconfirmed
srv-0218,srvd0218,dev,Windows Server,2022,2031-10-14,4,16,80,43.3,32.8,99,44.2,89.7,93.2,56.0,333.1,17.3,17.5,ASH-NPD-CL01,DC-ASHBURN,poweredOn,,VMware vSphere 7.0 VM; standalone utility VM - owner unconfirmed
srv-0219,srvn0219,nonprod,Windows Server,2019,2029-01-09,16,64,2048,1325.1,,,,,,,,,,DAL-NPD-CL01,DC-DALLAS,poweredOn,,VMware vSphere 7.0 VM; no performance history from vCenter (< 30 days); standalone utility VM - owner unconfirmed
srv-0220,srvn0220,nonprod,Windows Server,2016,2027-01-12,4,32,2048,1213.4,28.3,99,36.4,43.5,45.1,58.2,372.7,23.9,22.8,ASH-NPD-CL01,DC-ASHBURN,poweredOn,,VMware vSphere 7.0 VM; standalone utility VM - owner unconfirmed
srv-0221,srvp0221,prod,Windows Server,2019,2029-01-09,16,64,256,200.4,,,,,,,,,,ASH-PRD-CL02,DC-ASHBURN,poweredOn,,VMware vSphere 7.0 VM; no performance history from vCenter (< 30 days); standalone utility VM - owner unconfirmed
srv-0222,srvn0222,nonprod,Windows Server,2019,2029-01-09,4,32,2048,1324.6,15.5,42.5,19.5,76.8,79.1,37.2,154.0,20.9,16.4,DAL-NPD-CL01,DC-DALLAS,poweredOn,,VMware vSphere 7.0 VM; standalone utility VM - owner unconfirmed
srv-0223,srvd0223,dev,Windows Server,2019,2029-01-09,4,16,800,375.9,,,,,,,,,,DAL-DEV-CL01,DC-DALLAS,poweredOn,,VMware vSphere 7.0 VM; no performance history from vCenter (< 30 days); standalone utility VM - owner unconfirmed
srv-0224,srvd0224,dev,Windows Server,2019,2029-01-09,16,64,1024,522.9,33.2,99,44.0,47.2,49.0,227.5,1345.4,17.8,13.9,ASH-NPD-CL01,DC-ASHBURN,poweredOn,,VMware vSphere 7.0 VM; standalone utility VM - owner unconfirmed
srv-0225,srvd0225,dev,Windows Server,2012 R2,2023-10-10,16,64,80,24.5,34.1,74.6,46.4,86.0,89.0,157.9,621.1,16.4,17.3,DAL-DEV-CL01,DC-DALLAS,poweredOn,,VMware vSphere 7.0 VM; OS past end-of-support - remediation or ESU required; standalone utility VM - owner unconfirmed
srv-0226,srvd0226,dev,Windows Server,2022,2031-10-14,16,64,256,95.3,13.3,28.9,17.9,42.6,44.1,294.5,1147.6,17.6,17.6,ASH-NPD-CL01,DC-ASHBURN,poweredOn,,VMware vSphere 7.0 VM; standalone utility VM - owner unconfirmed
srv-0227,srvp0227,prod,Windows Server,2012 R2,2023-10-10,8,32,200,105.8,,,,,,,,,,ASH-PRD-CL02,DC-ASHBURN,poweredOn,,VMware vSphere 7.0 VM; OS past end-of-support - remediation or ESU required; no performance history from vCenter (< 30 days); standalone utility VM - owner unconfirmed
srv-0228,srvn0228,nonprod,Windows Server,2012 R2,2023-10-10,2,8,400,301.6,17.8,56.1,23.8,30.9,32.1,27.9,141.2,22.4,15.1,DAL-NPD-CL01,DC-DALLAS,poweredOn,,VMware vSphere 7.0 VM; OS past end-of-support - remediation or ESU required; standalone utility VM - owner unconfirmed
srv-0229,srvd0229,dev,Windows Server,2012 R2,2023-10-10,2,8,128,83.5,5.2,15.8,6.9,65.3,67.9,33.4,124.4,24.2,13.7,ASH-NPD-CL01,DC-ASHBURN,poweredOn,,VMware vSphere 7.0 VM; OS past end-of-support - remediation or ESU required; standalone utility VM - owner unconfirmed
srv-0230,srvn0230,nonprod,Windows Server,2016,2027-01-12,8,32,800,623.0,,,,,,,,,,DAL-NPD-CL01,DC-DALLAS,poweredOn,,VMware vSphere 7.0 VM; no performance history from vCenter (< 30 days); standalone utility VM - owner unconfirmed
srv-0231,srvd0231,dev,Windows Server,2019,2029-01-09,4,16,128,54.2,11.8,36.2,15.8,72.6,74.9,46.8,241.9,15.7,23.6,ASH-NPD-CL01,DC-ASHBURN,poweredOn,,VMware vSphere 7.0 VM; standalone utility VM - owner unconfirmed
srv-0232,srvp0232,prod,Windows Server,2012 R2,2023-10-10,2,16,2048,1178.7,15.4,25.7,,78.9,,,,,,DAL-PRD-CL01,DC-DALLAS,poweredOff,,VMware vSphere 7.0 VM; OS past end-of-support - remediation or ESU required; powered off at discovery - confirm if decommissioned; standalone utility VM - owner unconfirmed
srv-0233,srvd0233,dev,Windows Server,2012 R2,2023-10-10,4,32,80,68.2,7.5,25.9,9.8,62.8,64.9,75.8,314.6,20.6,19.6,ASH-NPD-CL01,DC-ASHBURN,poweredOn,,VMware vSphere 7.0 VM; OS past end-of-support - remediation or ESU required; standalone utility VM - owner unconfirmed
srv-0234,srvd0234,dev,Windows Server,2019,2029-01-09,2,8,100,28.8,,,,,,,,,,ASH-NPD-CL01,DC-ASHBURN,poweredOn,,VMware vSphere 7.0 VM; no performance history from vCenter (< 30 days); standalone utility VM - owner unconfirmed
srv-0235,srvp0235,prod,Windows Server,2016,2027-01-12,4,16,512,167.8,25.0,55.9,32.0,46.4,47.9,76.0,307.5,17.1,20.1,ASH-PRD-CL02,DC-ASHBURN,poweredOn,,VMware vSphere 7.0 VM; standalone utility VM - owner unconfirmed
srv-0236,srvn0236,nonprod,Windows Server,2019,2029-01-09,4,32,100,46.0,35.9,99,45.3,42.0,43.6,61.3,268.4,19.7,18.0,DAL-NPD-CL01,DC-DALLAS,poweredOn,,VMware vSphere 7.0 VM; standalone utility VM - owner unconfirmed
srv-0237,srvn0237,nonprod,Windows Server,2019,2029-01-09,2,8,128,87.9,,,,,,,,,,ASH-NPD-CL01,DC-ASHBURN,poweredOff,,VMware vSphere 7.0 VM; powered off at discovery - confirm if decommissioned; no performance history from vCenter (< 30 days); standalone utility VM - owner unconfirmed
srv-0238,srvd0238,dev,Windows Server,2019,2029-01-09,4,16,256,180.5,,,,,,,,,,DAL-DEV-CL01,DC-DALLAS,poweredOn,,VMware vSphere 7.0 VM; no performance history from vCenter (< 30 days); standalone utility VM - owner unconfirmed
srv-0239,srvn0239,nonprod,Windows Server,2016,2027-01-12,8,32,2048,1318.8,20.9,73.8,28.5,81.0,83.4,130.8,820.1,22.9,13.3,DAL-NPD-CL01,DC-DALLAS,poweredOn,,VMware vSphere 7.0 VM; standalone utility VM - owner unconfirmed
srv-0240,srvn0240,nonprod,Windows Server,2019,2029-01-09,2,16,1024,288.2,3.0,10.3,3.9,49.7,51.5,27.2,166.9,12.0,18.4,DAL-NPD-CL01,DC-DALLAS,poweredOn,,VMware vSphere 7.0 VM; standalone utility VM - owner unconfirmed
srv-0241,srvn0241,nonprod,Windows Server,2022,2031-10-14,2,16,200,104.3,12.6,37.2,16.7,50.3,52.3,25.6,117.7,20.6,24.2,ASH-NPD-CL01,DC-ASHBURN,poweredOn,,VMware vSphere 7.0 VM; standalone utility VM - owner unconfirmed
srv-0242,srvp0242,prod,Windows Server,2012 R2,2023-10-10,16,128,100,78.9,30.6,68.7,40.9,32.0,33.2,181.9,642.5,20.5,14.7,DAL-PRD-CL01,DC-DALLAS,poweredOn,,VMware vSphere 7.0 VM; OS past end-of-support - remediation or ESU required; standalone utility VM - owner unconfirmed
srv-0243,srvn0243,nonprod,Windows Server,2016,2027-01-12,4,32,2048,1727.9,31.2,73.2,44.7,61.5,63.6,79.2,254.1,16.8,23.9,DAL-NPD-CL01,DC-DALLAS,poweredOn,,VMware vSphere 7.0 VM; standalone utility VM - owner unconfirmed
srv-0244,srvn0244,nonprod,Windows Server,2022,2031-10-14,8,32,80,66.5,,,,,,,,,,ASH-NPD-CL01,DC-ASHBURN,poweredOn,,VMware vSphere 7.0 VM; no performance history from vCenter (< 30 days); standalone utility VM - owner unconfirmed
srv-0245,srvp0245,prod,Windows Server,2019,2029-01-09,4,16,80,67.5,,,,,,,,,,ASH-PRD-CL01,DC-ASHBURN,poweredOn,,VMware vSphere 7.0 VM; no performance history from vCenter (< 30 days); standalone utility VM - owner unconfirmed
srv-0246,srvn0246,nonprod,Windows Server,2016,2027-01-12,8,32,400,218.4,23.6,76.9,32.6,66.8,69.1,142.0,728.9,12.5,14.8,DAL-NPD-CL01,DC-DALLAS,poweredOn,,VMware vSphere 7.0 VM; standalone utility VM - owner unconfirmed
srv-0247,srvd0247,dev,Windows Server,2012 R2,2023-10-10,2,16,256,198.0,17.2,43.5,23.0,47.3,49.0,40.6,184.2,17.8,25.9,DAL-DEV-CL01,DC-DALLAS,poweredOn,,VMware vSphere 7.0 VM; OS past end-of-support - remediation or ESU required; standalone utility VM - owner unconfirmed
srv-0248,srvn0248,nonprod,Windows Server,2022,2031-10-14,2,16,128,69.2,7.1,19.7,9.1,75.5,78.2,26.2,87.6,14.5,19.3,ASH-NPD-CL01,DC-ASHBURN,poweredOn,,VMware vSphere 7.0 VM; standalone utility VM - owner unconfirmed
srv-0249,srvd0249,dev,Windows Server,2022,2031-10-14,8,64,2048,621.3,14.0,31.5,19.8,42.2,44.0,152.0,538.3,18.1,14.0,ASH-NPD-CL01,DC-ASHBURN,poweredOn,,VMware vSphere 7.0 VM; standalone utility VM - owner unconfirmed
srv-0250,srvd0250,dev,Windows Server,2019,2029-01-09,2,8,512,397.1,23.0,58.4,30.7,33.0,34.3,21.8,97.2,22.7,21.8,ASH-NPD-CL01,DC-ASHBURN,poweredOn,,VMware vSphere 7.0 VM; standalone utility VM - owner unconfirmed
